"H","L0601","032","645220","Maria","e689cee6-d906-428d-b4a4-4376775977c7","C",,,,,,,,,,,,,,,,,,,,,
"F","SUPC","Case Qty","Split Qty","Code","Item Status","Replaced Item","Pack","Size","Unit","Brand","Mfr #","Desc","Cat","Case $","Split $","Per Lb","Market","Splittable","Splits","Min Split","Net Wt","Lead Time","Stock","Substitute","Agr",,
"C","Healthcare & Hospitality",,,,,,,,,,,,,,,,,,,,,,,,,,
"P","7202795",,,,,,"1","1 EA","EA","PROMO","","Perks Promo","Healthcare & Hospitality",0.05,,"N",,false,,0,0.01,,"STOCKED",,"N",,
"C","Dairy",,,,,,,,,,,,,,,,,,,,,,,,,,
"P","5231527",,,,,,"24","1 DOZ",,"PACKER","","Egg Shell Jumbo White","Dairy",162.88,,"N",,false,,0,38,,"STOCKED",,"N",,
"P","6809638",,,,,,"6","5 LB","LB","ARREZZIO CLASSIC","100000900","Cheese Mozzarella Pizza Shredded Whole Milk","Dairy",87.25,15.95,"N",,true,,1,30,,"STOCKED",,"N",,
"P","7139200",,,,,,"24","14 OZ","OZ","SYSCO HOUSE RECIPE","45290","Creamer Non Dairy Powder Canister","Dairy",63.55,,"N",,false,,0,21,,"STOCKED",,"N",,
"P","3602976",,,,,,"1","15 DZ","DZ","WHOLESOME FARMS IMPERIAL","74865-63284-00","Egg Shell Large White Pasteurized","Dairy",56.95,,"N",,false,,0,22.5,,"STOCKED",,"N",,
"P","2105765",,,,,,"1","30 DZ","DZ","WHOLESOME FARMS CLASSIC","22L2SW","Egg Shell Medium White Usda Aa","Dairy",103.5,,"N",,false,,0,39.5,,"STOCKED",,"N",,
"P","2105815",,,,,,"1","15 DZ","DZ","WHOLESOME FARMS CLASSIC","21L2SW","Egg Shell Medium Grade Aa Usda White","Dairy",53.15,,"N",,false,,0,19.75,,"STOCKED",,"N",,
"P","7211885",,,,,,"4","1 GAL","GAL","CREAM O LAND MILK","600","Milk White Whl","Dairy",23.39,,"N",,false,,0,34.4,,"STOCKED",,"N",,
"P","1432624",,,,,,"6","5 LB","LB","GALBANI","0160600","Cheese Mozzarella Shredded Whole Milk","Dairy",90.65,,"N",,false,,0,29.5,,"STOCKED",,"N",,
"P","5686688",,,,,,"6","5 LB","LB","ARREZZIO IMPERIAL","1008900","Cheese Mozzarella Feather Shredded Whole Milk Wisconsin","Dairy",89.59,,"N",,false,,0,30,,"STOCKED",,"N",,
"P","2331690",,,,,,"4","5LB",,"ARREZZIO IMPERIAL","136630","Cheese Mozzarella Pizza Blend","Dairy",57.95,,"N",,false,,0,20,,"STOCKED",,"N",,
"C","Meats",,,,,,,,,,,,,,,,,,,,,,,,,,
"P","1106772",,,,,,"1","10#AVG","LB","PACKER","","Beef Tripe Honeycomb","Meats",4.899,,"Y",,false,,0,10,,"STOCKED",,"N",,
"P","6046902",,,,,,"8","6-9#AV","LB","BUTCHERS BLOCK","06916","Pork Butt Boneless 1/4 6-9 Pounds Each Fresh","Meats",1.92,,"Y",,false,,0,69.516,,"STOCKED",,"N",,
"P","8757122",,,,,,"12","4-5 AV","LB","CERTIFIED ANGUS BEEF","87121","Beef Eye Of Round Namp 171c","Meats",4.559,,"Y",,false,,0,74.984,,"STOCKED",,"N",,
"P","7113747",,,,,,"2","5 LB","LB","BUCKHEAD PRIDE/ NEWPORT PRIDE","21-40176","Beef For Taco Frozen","Meats",6.159,,"Y",,false,,0,10.079,,"STOCKED",,"N",,
"P","8301780",,,,,,"3","17#AVG","LB","CERTIFIED ANGUS BEEF","76468","Beef Round Inside Denuded Choice","Meats",5.059,,"Y",,false,,0,65.644,,"STOCKED",,"N",,
"P","9009531",,,,,,"3","20#AVE","LB","CERTIFIED ANGUS BEEF","71428","Beef Chuck Roll Neck Off","Meats",5.159,,"Y",,false,,0,72.034,,"STOCKED",,"N",,
"P","1107465",,,,,,"5","15#AVG","LB","PACKER","","Beef Top Sirloin Butt Namp 184","Meats",5.35,,"Y",,false,,0,65,,"DEMAND",,"N",,
"P","1123019",,,,,,"1","32#AV","LB","PACKER","28428","Beef Top Sirloin Cap .75"" Choice","Meats",5.938,,"Y",,false,,0,35.785,,"STOCKED",,"N",,
"P","2555464",,,,,,"1","60 LB","LB","PACKER","06444","Beef Cheek Meat Frozen","Meats",321.35,,"N",,false,,0,60,,"STOCKED",,"N",,
"P","1372358",,,,,,"1","15#AVG","LB","AMERICAN FOOD GROUP","06824","Beef Intestine Small Of Cow","Meats",2.359,,"Y",,false,,0,15.001,,"STOCKED",,"N",,
"P","0860435",,,,,,"4","2.5 LB",,"MR TANGO","C130","Sausage Pork Chorizo Argentino","Meats",40.95,,"N",,false,,0,10,,"STOCKED",,"N",,
"P","4965954",,,,,,"1","30#AVG","LB","CAB BUCKHEAD PRIDE/ NEWPORT PRIDE","28-31815","Beef Short Rib 3 Bone","Meats",8.525,,"Y",,false,,0,24.1,,"DEMAND",,"N",,
"P","9903271",,,,,,"2","1 PCE","PCE","BUTCHERS BLOCK","40095","Pork Belly Skin On","Meats",3.359,,"Y",,false,,0,28.144,,"STOCKED",,"N",,
"P","1741792",,,,,,"2","15#AVG","LB","BUTCHER BLOCK IMPERIAL","36851","Beef Flap Meat Sirloin Choice","Meats",11.15,,"Y",,false,,0,29.931,,"STOCKED",,"N",,
"P","8142374",,,,,,"6","8# UP","LB","CERTIFIED ANGUS BEEF","6788","Beef Knuckles Peeled Choice Namp 167a","Meats",4.699,,"Y",,false,,0,69.053,,"STOCKED",,"N",,
"P","1137728",,,,,,"2","5 LB","LB","BLOCK & BARREL IMPERIAL","74865067997","Frank All-beef 8 Per Pound 6""","Meats",55.85,,"N",,false,,0,10,,"STOCKED",,"N",,
"P","6963326",,,,,,"2","13 LB","LB","HORMEL","13507","Ham 4"" X 6"" Cooked Domestic Water-added Not Smoked","Meats",83.59,,"N",,false,,0,26,,"STOCKED",,"N",,
"P","5807769",,,,,,"2","5 LB","LB","BUTCHERS BLOCK","35740","Pork Diced 1"" Frozen","Meats",38.95,,"N",,false,,0,10,,"STOCKED",,"N",,
"P","1418458",,,,,,"4","18#AVG","LB","CERTIFIED ANGUS BEEF","88720","Beef Sirloin Flap Meat Fresh","Meats",10.05,,"Y",,false,,0,73.449,,"STOCKED",,"N",,
"P","2854663",,,,,,"1","15#AVG","LB","BUCKHEAD PRIDE/ NEWPORT PRIDE","28-00040","Beef Chuck Short Rib Bone-in","Meats",8.159,,"Y",,false,,0,12.4,,"DEMAND",,"N",,
"P","7113748",,,,,,"2","5 LB","LB","BUCKHEAD PRIDE/ NEWPORT PRIDE","21-40177","Beef Tenderloin For Taco Frozen","Meats",3.978,,"Y",,false,,0,10.41,,"NONSTOCK",,"N",,
"P","7293531",,,,,,"2","5#AVG",,"BUCKHEAD PRIDE/ NEWPORT PRIDE","21-17295","Steak Filet Tips Frozen","Meats",8.329,,"Y",,false,,0,9.977,,"STOCKED",,"N",,
"P","4848754",,,,,,"40","4-6 OZ","OZ","BUCKHEAD PRIDE/ NEWPORT PRIDE","21-18454","Steak Sirloin Top Random Frozen","Meats",5.056,,"Y",,false,,0,12.581,,"STOCKED",,"N",,
"P","8087072",,,,,,"1","50#AVG","LB","PACKER","11-23340","Beef Chuck Short Rib Bone In 4 Bone","Meats",7.759,,"Y",,false,,0,57.1,,"DEMAND",,"N",,
"P","7152366",,,,,,"40","4 OZ","OZ","SYSCO CLASSIC","10000052366","Beef Fritter Steak","Meats",61.49,,"N",,false,,0,10,,"STOCKED",,"N",,
"P","6737191",,,,,,"30","5.33OZ","OZ","SYSCO IMPERIAL","10000037191","Beef Fritter Country Texas Style","Meats",51.65,,"N",,false,,0,10,,"STOCKED",,"N",,
"P","1087469",,,,,,"40","4 OZ","OZ","SYSCO RELIANCE","10000087469","Beef Fritter Country Fried","Meats",31.35,,"N",,false,,0,10,,"STOCKED",,"N",,
"P","7096353",,,,,,"2","5# AV","LB","BUCKHEAD PRIDE/ NEWPORT PRIDE","21-12422","Beef For Picada Frozen","Meats",5.059,,"Y",,false,,0,10.039,,"STOCKED",,"N",,
"P","5122665",,,,,,"8","5#AVG","LB","CASA SOLANA CLASSIC","1005131","Beef Fajita Outsde Skirt Marn Sw","Meats",6.999,,"Y",,false,,0,39.715,,"STOCKED",,"N",,
"P","2881821",,,,,,"5","1 PCS","LB","BUTCHERS BLOCK","","Pork Belly Skinless","Meats",5.259,,"Y",,false,,0,58,,"DEMAND",,"N",,
"C","Seafood",,,,,,,,,,,,,,,,,,,,,,,,,,
"P","0496665",,,,,,"2","5 LB","LB","PORTICO CLASSIC SEAFOOD","0496665","Tilapia Fillet Boneless Skinless Iqf 5-7 Ounce Farm Raised","Seafood",44.35,,"N",,false,,0,10,,"STOCKED",,"N",,
"P","6731634",,,,,,"4","2.5LB","LB","PORTICO CLASSIC SEAFOOD","232582071PB","Shrimp White Easy Peel 26/30 Count","Seafood",42.13,,"N",,false,,0,10,,"STOCKED",,"N",,
"P","7025057",,,,,,"4","2.5 LB","LB","PORTICO CLASSIC SEAFOOD","232540071PB","Shrimp White Easy Peel 21/25 Count Import","Seafood",44.93,,"N",,false,,0,10,,"STOCKED",,"N",,
"P","6731515",,,,,,"4","2.5 LB","LB","PORTICO CLASSIC SEAFOOD","292582071PB","Shrimp White Peeled And Deveined  Tail-on 26/30 Count","Seafood",43.56,,"N",,false,,0,10,,"STOCKED",,"N",,
"P","7952468",,,,,,"4","2.5 LB","LB","PORTICO CLASSIC SEAFOOD","261624071PB","Shrimp White Peeled And Deveined  Tail-off 31/40 Count","Seafood",42.55,,"N",,false,,0,10,,"STOCKED",,"N",,
"P","6736518",,,,,,"4","2.5LB","LB","PORTICO CLASSIC SEAFOOD","292652071PB","Shrimp White Peeled And Deveined  Tail-on 41/50 Count","Seafood",39.85,,"N",,false,,0,10,,"STOCKED",,"N",,
"P","7952492",,,,,,"4","2.5 LB","LB","PORTICO CLASSIC SEAFOOD","261652071PB","Shrimp White Peeled And Deveined  Tail-off 41/50 Count","Seafood",41.37,,"N",,false,,0,10,,"STOCKED",,"N",,
"P","9901426",,,,,,"10","4 LB","LB","EASTERN FISH PACKER SEAFD","14486","Shrimp White Mexican Head On 30/40","Seafood",130.77,,"N",,false,,0,40,,"STOCKED",,"N",,
"P","8024743",,,,"Phased Out",,"1","10 LB","LB","PORTICO CLASSIC SEAFOOD","SPCTV57","Tilapia Fillet Boneless Skinless Individually Vacuum Packed 5-7 Ounce Farm Raised","Seafood",36.95,,"N",,false,,0,10,,"NONSTOCK",,"N",,
"P","5057282",,,,,,"1","30 LB","LB","PRESTIGE OYSTER","5057282","Oyster Inshell Gulf 90-110 Count","Seafood",51.55,,"N",,false,,0,30,,"STOCKED",,"N",,
"P","7158038",,,,,,"1","100CT","CT","PACKER","1803061","Oyster Whl James River","Seafood",57.99,,"N",,false,,0,20,,"DEMAND",,"N",,
"P","7075430",,,,,,"1","30 LB","LB","PORTICO PRIDE","18-03054","Oyster Inshell Gulf Usa Fresh","Seafood",54.71,,"N",,false,,0,30,,"NONSTOCK",,"N",,
"C","Poultry",,,,,,,,,,,,,,,,,,,,,,,,,,
"P","7203474",,,,,,"4","10 LB","LB","SYSCO CLASSIC","14072","Chicken Cvp Breast Boneless-skinless Whole Random Jumbo","Poultry",84.5,,"N",,false,,0,40,,"STOCKED",,"N",,
"P","2334732",,,,,,"1","40 LB","LB","SYSCO CLASSIC","14200","Chicken CVP Drumstick Jumbo","Poultry",32.49,,"N",,false,,0,40,,"STOCKED",,"N",,
"P","4418117",,,,,,"1","40LB","LB","SYSCO CLASSIC","14612","Chicken Legs Quarters Jumbo Controlled Vacuum Packed","Poultry",39.85,,"N",,false,,0,40,,"STOCKED",,"N",,
"P","4248417",,,,,,"4","10 LB","LB","SYSCO CLASSIC","","Chicken Cvp Whole Wings Frozen","Poultry",93.3,,"N",,false,,0,40,,"STOCKED",,"Y",,
"P","7205699",,,,,,"2","10 LB","LB","SYSCO CLASSIC","402","Chicken Controlled Vacuum Packed Breast Chunk 10-20 Grams","Poultry",50.82,,"N",,false,,0,20,,"STOCKED",,"N",,
"P","5010040",,,,,,"2","5 LB","LB","SYSCO CLASSIC","30063","Chicken Breast Pressed Ultra Thin","Poultry",61.59,,"N",,false,,0,10,,"STOCKED",,"N",,
"C","Canned & Dry",,,,,,,,,,,,,,,,,,,,,,,,,,
"P","9156746",,,,,,"1","50 LB","LB","SYSCO RELIANCE","11364COM","Lard Cube Deodorized","Canned & Dry",59.59,,"N",,false,,0,50,,"STOCKED",,"N",,
"P","0610337",,,,,,"24","8.4 OZ","OZ","RED BULL","RB1718","Drink Energy Red Bull","Canned & Dry",40,,"N",,false,,0,12.45,,"STOCKED",,"N",,
"P","7118718",,,,,,"24","8.4 OZ","OZ","RED BULL","RB234437","Drink Energy Red Edition Watermelon","Canned & Dry",41,,"N",,false,,0,12.6,,"STOCKED",,"N",,
"P","9940909",,,,,,"1","50 LB","LB","MASECA","37411","Flour Corn No Add #0","Canned & Dry",30.95,,"N",,false,,0,50,,"STOCKED",,"N",,
"P","4002432",,,,,,"4","1 GAL","GAL","SYSCO RELIANCE","9210 7411 REL","Mayonnaise Heavy Duty","Canned & Dry",40.97,11.78,"N",,true,,1,32.26,,"STOCKED",,"N",,
"P","8426330",,,,,,"4","1 GAL","GAL","CASA SOLANA CLASSIC","12730720211","Pepper Jalapeno Slices","Canned & Dry",62.31,17.14,"N",,true,,1,34.4,,"STOCKED",,"N",,
"P","7172848",,,,,,"9","4 LB","LB","SYSCO CLASSIC","110035884","Salt Granulated Iodized","Canned & Dry",22.99,,"N",,false,,0,36,,"STOCKED",,"N",,
"P","4518403",,,,,,"1","35 LB","LB","SYSCO RELIANCE","5020553","Shortening Fry Liquid Clear Zero Trans Fat","Canned & Dry",27.69,,"N",,false,,0,35,,"STOCKED",,"N",,
"P","2386159",,,,,,"12","12 CT","CT","CASA SOLANA CLASSIC","10494","Tortilla Flour Pressed 10""","Canned & Dry",56.95,,"N",,false,,0,22.5,,"STOCKED",,"N",,
"P","8108847",,,,,,"24",".5 L","L","PURE LIFE  (WATER)","12273758","Water Purified .5 Liter","Canned & Dry",6.5,,"N",,false,,0,28.35,,"STOCKED",,"N",,
"P","5249727",,,,,,"2","5 LB","LB","VIGO IMPORTING","1317","Bread Crumb Italian","Canned & Dry",24.95,,"N",,false,,0,10.05,,"STOCKED",,"N",,
"P","8378111",,,,,,"1","50 LB","LB","SYSCO CLASSIC","52124000","Flour All Purpose Hotel & Restaurant Bleached Enriched Malted","Canned & Dry",19.95,,"N",,false,,0,50,,"STOCKED",,"N",,
"P","2926727",,,,,,"10","4 LB","LB","SYSCO CLASSIC","412006","Sugar Granulated Extra-fine Cane","Canned & Dry",50.35,5.75,"N",,true,,1,40,,"STOCKED",,"N",,
"P","7143804",,,,,,"60","1.5 OZ","OZ","NEWMAN'S OWN","23117NWN","Dressing Italian Golden Packet","Canned & Dry",22.07,,"N",,false,,0,5.63,,"STOCKED",,"N",,
"P","7055487",,,,,,"24","20 FOZ","FOZ","RONSON","2016RS","Pineapple Tidbit Choice","Canned & Dry",49.85,,"N",,false,,0,34,,"STOCKED",,"N",,
"P","6946947",,,,,,"12","12 CT",,"TACOMEX","190110","Tortilla Flour 10"" Fresh","Canned & Dry",28.85,,"N",,false,,0,29.66,,"STOCKED",,"N",,
"P","4306627",,,,,,"24","12 OZ","OZ","JARRITO","040002","Soda Apple Sidral Mundet","Canned & Dry",25.95,,"N",,false,,0,32.8,,"STOCKED",,"N",,
"P","8298939",,,,,,"24","12.5OZ","OZ","JARRITO","010801","Soda Orange Mandarin","Canned & Dry",25.95,,"N",,false,,0,31.7,,"STOCKED",,"N",,
"P","8299056",,,,,,"24","12.5OZ","OZ","JARRITO","020801","Water Mineral Mineragua","Canned & Dry",25.95,,"N",,false,,0,31.7,,"STOCKED",,"N",,
"P","9729153",,,,,,"12","1 LB","LB","PACKER","","Corn Husk Dry","Canned & Dry",87.39,,"N",,false,,0,12,,"DEMAND",,"N",,
"P","8327443",,,,,,"24","12.5OZ","OZ","JARRITO","010803","Soda Lime","Canned & Dry",25.95,,"N",,false,,0,31.7,,"STOCKED",,"N",,
"P","9806456",,,,,,"6","41.25Z","OZ","SYSCO IMPERIAL/MCCORMICK","900010350","Spice Garlic Salt","Canned & Dry",,15.59,"N",,true,,1,15.47,,"STOCKED",,"N",,
"P","5229109",,,,,,"6","18 OZ","OZ","SYSCO IMPERIAL/MCCORMICK","974305","Spice Onion Granulated","Canned & Dry",,11.95,"N",,true,,1,6.75,,"STOCKED",,"N",,
"P","9903790",,,,,,"6","114 OZ","OZ","HOUSE RECIPE IMPERIAL","HOUY59P","Ketchup Jug Red In Plastic Bottle With Pump","Canned & Dry",44.11,,"N",,false,,0,42.75,,"STOCKED",,"N",,
"P","4560934",,,,,,"36","14 OZ","OZ","HOUSE RECIPE IMPERIAL","HOUYA1R","Ketchup Squeeze Red Bottle","Canned & Dry",50.37,,"N",,false,,0,31.5,,"STOCKED",,"N",,
"P","8379251",,,,,,"1","25 LB","LB","SYSCO CLASSIC","734730-23957","Flour All Purpose Hotel & Restaurant Bleached Enriched Malted","Canned & Dry",11.39,,"N",,false,,0,25,,"STOCKED",,"N",,
"P","1974989",,,,,,"4","1 GAL","GAL","COOL CRISP","Z733CC","Pepper Jalapeno Sliced Smooth Cut","Canned & Dry",39.25,,"N",,false,,0,36.5,,"STOCKED",,"N",,
"P","4123196",,,,,,"6","1000CT","CT","SYSCO CLASSIC","34583","Salt Iodized Fine 0.6 Gram Packets","Canned & Dry",28.99,,"N",,false,,0,7.93,,"STOCKED",,"N",,
"P","9939950",,,,"Phased Out",,"4","1 GAL","GAL","SYSCO RELIANCE","9260 7411 CLS","Mayonnaise Heavy Duty Liberty","Canned & Dry",47.95,,"N",,false,,0,32.26,,"NONSTOCK",,"N",,
"P","5229125",,,,,,"6","20 OZ","OZ","SYSCO IMPERIAL/MCCORMICK","974307","Spice Onion Powder","Canned & Dry",,11.58,"N",,true,,1,7.5,,"STOCKED",,"N",,
"P","9608076",,,,,,"24","15.5OZ",,"ARIZONA BEVERAGES","","Drink Tea Lemon","Canned & Dry",22.75,,"N",,false,,0,12,,"STOCKED",,"N",,
"P","6824460",,,,,,"12","29 OZ","OZ","DOLE","77507","Pineapple Tidbits Light Syrup","Canned & Dry",54.49,,"N",,false,,0,21.75,,"STOCKED",,"N",,
"P","4782694",,,,,,"1","50 LB","LB","SYSCO CLASSIC","403434","Sugar Granulated Extra Fine Cane","Canned & Dry",47.55,,"N",,false,,0,50,,"STOCKED",,"N",,
"P","5847011",,,,,,"3","1GAL","GAL","ARREZZIO CLASSIC","311149","Oil Olive Pomace","Canned & Dry",106.99,39.35,"N",,true,,1,23,,"STOCKED",,"N",,
"P","2751679",,,,,,"24","12 OZ","OZ","TOPOCHICO","928","Water Mineral Mexico Glass Bottle Bottle","Canned & Dry",36.35,,"N",,false,,0,34,,"STOCKED",,"N",,
"P","0818047",,,,,,"1","25 LB","LB","JADE MOUNTAIN IMPERIAL","7486596674","Rice Jasmine Thai Premium Grade","Canned & Dry",33.99,,"N",,false,,0,25,,"STOCKED",,"N",,
"P","4700417",,,,,,"12","8 OZ","OZ","HOUSE RECIPE CLASSIC","776552","Mustard Squeeze Bottle","Canned & Dry",16.05,,"N",,false,,0,6,,"STOCKED",,"N",,
"P","4183968",,,,,,"1","50 LB","LB","SYSCO CLASSIC","P1110502SY","Bean Pinto Dried Multi-cleaned","Canned & Dry",43.93,,"N",,false,,0,50,,"STOCKED",,"N",,
"P","0730947",,,,,,"24","355 ML","ML","SPRITE SODA (COCA COLA)","00049000048964","Soda Sprite Mexican Glass Non Returnable","Canned & Dry",44.65,,"N",,false,,0,43,,"STOCKED",,"N",,
"P","6520779",,,,,,"30","20 OZ","OZ","HEINZ","10013000050200","Ketchup Squeeze Upside Down","Canned & Dry",76.26,,"N",,false,,0,37.5,,"STOCKED",,"N",,
"P","0774853",,,,,,"12","8 OZ","OZ","FRENCH'S","418502600","Mustard Squeezable","Canned & Dry",22.95,,"N",,false,,0,6,,"STOCKED",,"N",,
"P","4671434",,,,,,"1","50 LB","LB","SYSCO CLASSIC","B1YI50560","Rice Long Grain 4% Broken","Canned & Dry",26.95,,"N",,false,,0,49.9,,"STOCKED",,"N",,
"P","8312017",,,,,,"24","12.5OZ","OZ","JARRITO","010808","Soda Guava","Canned & Dry",25.95,,"N",,false,,0,18.75,,"STOCKED",,"N",,
"P","8299002",,,,,,"24","12.5OZ","OZ","JARRITO","010807","Soda Pineapple","Canned & Dry",25.95,,"N",,false,,0,31.7,,"STOCKED",,"N",,
"P","7193229",,,,,,"24","524 ML","ML","JARRITO","0115505","Soda Grapefruit Pet","Canned & Dry",25.79,,"N",,false,,0,26.55,,"NONSTOCK",,"N",,
"P","8302034",,,,,,"24","12.5OZ","OZ","JARRITO","010811","Soda Mango Flavored","Canned & Dry",25.95,,"N",,false,,0,32.7,,"STOCKED",,"N",,
"P","8299044",,,,,,"24","12.5OZ","OZ","JARRITO","010802","Soda Tamarind","Canned & Dry",25.95,,"N",,false,,0,31.7,,"STOCKED",,"N",,
"P","8301786",,,,,,"24","12.5OZ","OZ","JARRITO","010804","Soda Fruit Punch Flavored","Canned & Dry",25.95,,"N",,false,,0,32.7,,"STOCKED",,"N",,
"P","7192667",,,,,,"24","524 ML","ML","JARRITO","015501","Soda Orange Mandarine Pet","Canned & Dry",24.65,,"N",,false,,0,27.73,,"NONSTOCK",,"N",,
"P","8443741",,,,,,"24","500ML","ML","JARRITO","090478415024","Soda Tamarind","Canned & Dry",26.81,,"N",,false,,0,29.87,,"NONSTOCK",,"N",,
"P","3051695",,,,,,"24","11.16Z","OZ","JARRITO","030002","Soda Sangria Senorial","Canned & Dry",24.65,,"N",,false,,0,32.32,,"STOCKED",,"N",,
"P","8298996",,,,,,"24","12.5OZ","OZ","JARRITO","010805","Soda Grapefruit","Canned & Dry",25.95,,"N",,false,,0,32.7,,"STOCKED",,"N",,
"P","3729645",,,,,,"24","12 OZ","OZ","RED BULL","RB203753","Drink Energy Red Bull Yellow Edition","Canned & Dry",66.95,,"N",,false,,0,19.7,,"STOCKED",,"N",,
"P","3729672",,,,,,"24","12 OZ","OZ","RED BULL","RB203752","Drink Energy Red Bull Blue Edition","Canned & Dry",68.65,,"N",,false,,0,19.7,,"NONSTOCK",,"N",,
"P","5258890",,,,,,"24","12 OZ",,"RED BULL","RB221027","Drink Energy Coconut Berry Edition","Canned & Dry",68.65,,"N",,false,,0,19.7,,"DEMAND",,"N",,
"C","Paper & Disposable",,,,,,,,,,,,,,,,,,,,,,,,,,
"P","8593602",,,,,,"4","125CT","CT","SYSCO CLASSIC","YMW9SYSCO","Plate Foam Laminated White 8.875 Inches","Paper & Disposable",49.16,,"N",,false,,0,8.779,,"STOCKED",,"N",,
"P","1995663",,,,,,"20","50CT","CT","SYSCO CLASSIC","D12THCWSYS","Cup Paper Hot White Tall 12 Ounce","Paper & Disposable",75.3,,"N",,false,,0,23.71,,"STOCKED",,"N",,
"P","5274832",,,,,,"4","125 CT","CT","SYSCO RELIANCE","0TH1S0090000","Plate Foam Unlaminated White 9 Inch","Paper & Disposable",31.83,,"N",,false,,0,4.846,,"STOCKED",,"N",,
"P","2000521",,,,,,"10","100CT","CT","SYSCO CLASSIC","DDL124WDSYS","Lid Plastic White Dome For 10-24 Ounce","Paper & Disposable",76.31,,"N",,false,,0,6.9,,"STOCKED",,"N",,
"P","7131355",,,,,,"6","70 CT","CT","EARTH PLUS","YP1412CSYSA","Cup Plastic Clear Rpet 12-14 Ounce","Paper & Disposable",39.33,,"N",,false,,0,12.315,,"STOCKED",,"N",,
"P","2099359",,,,,,"10","144CT","CT","SYSCO CLASSIC","305113002","Hairnet Nylon Large Black Light Weight","Paper & Disposable",201.95,21.39,"N",,true,,1,3.96,,"STOCKED",,"N",,
"P","1953686",,,,,,"1","200 CT","CT","COOPER INSTRUMENT","9150-0-8","Wipe Antibacterial Probe","Paper & Disposable",22.99,,"N",,false,,0,1,,"REMOTE",,"N",,
"P","7790239",,,,,,"12","200CT","CT","SYSCO RELIANCE","YS200SYS","Cup Plastic Portion Translucent 2 Ounce","Paper & Disposable",50.28,,"N",,false,,0,11.587,,"STOCKED",,"N",,
"P","7790795",,,,,,"24","100CT","CT","SYSCO IMPERIAL","YLS2FRSYS","Lid Plastic Clear For 1.5-2.5 Ounce Portion","Paper & Disposable",38.59,,"N",,false,,0,6.878,,"STOCKED",,"N",,
"P","8018838",,,,,,"240","16OZ","OZ","DELITAINER (NEWSPRING)","YSD2516","Container Plastic Deli Translucent With Lid","Paper & Disposable",38.5,,"N",,false,,0,14.44,,"STOCKED",,"N",,
"P","7065842",,,,,,"1","750 CT","CT","SYSCO RELIANCE","11-11666","Bag Plastic T-shirt 11.5x6.5x20 ""thank You""","Paper & Disposable",31.05,,"N",,false,,0,7.7,,"STOCKED",,"N",,
"P","1330687",,,,,,"12","500 CT","CT","TORK ADVANCED--SCA TISSUE","DX900","Napkin Dispenser Xpressnap White","Paper & Disposable",67.11,,"N",,false,,0,18.11,,"STOCKED",,"N",,
"P","5862768",,,,,,"40","EA","EA","SCOTCH-BRITE","105","Pad Scour General Purpose 4.5"" X 6""","Paper & Disposable",33.95,,"N",,false,,0,1.6,,"STOCKED",,"N",,
"P","7863802",,,,,,"1","500 CT","CT","SYSCO CLASSIC","304985491","Bag Plastic 10"" X 8"" X 24"" .9 Mil Heavyweight Roll","Paper & Disposable",50.95,,"N",,false,,0,18.65,,"STOCKED",,"N",,
"P","7864061",,,,,,"1","1000CT","CT","SYSCO CLASSIC","304985483","Bag Plastic 6"" X 3"" X 15"" .9 Mil Heavy Weight Roll","Paper & Disposable",36.39,,"N",,false,,0,5.75,,"STOCKED",,"N",,
"P","7863869",,,,,,"1","1000CT","CT","SYSCO CLASSIC","304985546","Bag Plastic 8"" X 4"" X 18"" .70 Mil Regular Weight","Paper & Disposable",41.39,,"N",,false,,0,8.5,,"STOCKED",,"N",,
"P","7863739",,,,,,"1","1000CT","CT","SYSCO CLASSIC","304985544","Bag Plastic 4"" X 2"" X 8.65 Mil Regular Weight","Paper & Disposable",15.23,,"N",,false,,0,1.78,,"STOCKED",,"N",,
"P","7861970",,,,,,"1","1000CT","CT","SYSCO CLASSIC","304985481","Bag Plastic 5.5"" X 3"" X 13"" .70 Mil Roll","Paper & Disposable",28.75,,"N",,false,,0,4.1,,"STOCKED",,"N",,
"P","7863540",,,,,,"1","500CT","CT","SYSCO CLASSIC","304985520","Bag Plastic Low Density Reclosable Quart 7 Inch X 8 Inch 1.75 Mil","Paper & Disposable",28.47,,"N",,false,,0,5.05,,"STOCKED",,"N",,
"P","7041552",,,,,,"1","2000CT","CT","SYSCO CLASSIC","303679041","Bag Plastic Preportion 6.5 X 7 Black Sunday Daily Saddle Flip Lock Top","Paper & Disposable",28.33,,"N",,false,,0,4.27,,"STOCKED",,"N",,
"P","7041626",,,,,,"1","2000CT","CT","SYSCO CLASSIC","303679042","Bag Plastic Preportion 6.5"" X 7"" Blue Monday Daily Saddle Flip Lock Top","Paper & Disposable",28.33,,"N",,false,,0,4.27,,"STOCKED",,"N",,
"P","7041651",,,,,,"1","2000CT","CT","SYSCO CLASSIC","303679044","Bag Plastic Preportion 6.5"" X 7"" Red Wednesday Daily Saddle Flip Lock Top","Paper & Disposable",28.33,,"N",,false,,0,4.27,,"STOCKED",,"N",,
"P","4022307",,,,,,"1","2000CT","CT","SYSCO CLASSIC","304985210","Bag Plastic 6.5 Inch X 7 Inch High-density Saddle","Paper & Disposable",25.71,,"N",,false,,0,4.97,,"STOCKED",,"N",,
"P","5318548",,,,,,"10","250CT","CT","SYSCO RELIANCE","S100SYS","Cup Plastic Portion Translucent 1 Ounce","Paper & Disposable",45.95,,"N",,false,,0,7.771,,"STOCKED",,"N",,
"P","7794599",,,,,,"25","100CT","CT","SYSCO IMPERIAL","YLS1FRSYS","Lid Plastic Clear .5-1 Ounce Portion","Paper & Disposable",41.39,,"N",,false,,0,3.913,,"STOCKED",,"N",,
"P","9752577",,,,,,"1","18 IN","""","SYSCO CLASSIC","30748","Wrap Paper Butcher Roll White","Paper & Disposable",47.99,,"N",,false,,0,20.15,,"STOCKED",,"N",,
"P","7435266",,,,,,"1","18 IN","""","SYSCO CLASSIC","9063","Film Pvc 2000 Feet Roll","Paper & Disposable",20.69,,"N",,false,,0,7.14,,"STOCKED",,"N",,
"P","5947379",,,,,,"250","33 GAL","GAL","SYSCO CLASSIC","Z6640VNSR01","Liner Roll Trash 33 Inch X 40 Inch 16 Micron Natural","Paper & Disposable",38.98,,"N",,false,,0,14.1,,"STOCKED",,"N",,
"P","7459508",,,,,,"100","32 GAL","GAL","SYSCO CLASSIC","H6644TKSR01","Liner Roll Trash 33 Inch X 44 Inch 0.9 Mil Black","Paper & Disposable",29.95,,"N",,false,,0,8.7,,"STOCKED",,"N",,
"P","5478500",,,,,,"10","100 CT","CT","SYSCO CLASSIC","304362803","Glove Vinyl Foodservice Powdered Large","Paper & Disposable",20.96,,"N",,false,,0,14.05,,"STOCKED",,"N",,
"P","0952061",,,,,,"10","100 CT","CT","SYSCO RELIANCE","304363292","Glove Vinyl Foodservice Powdered Medium","Paper & Disposable",33.29,,"N",,false,,0,10.83,,"STOCKED",,"N",,
"P","5478498",,,,,,"10","100 CT","CT","SYSCO CLASSIC","304362802","Glove Vinyl Foodservice Powdered Medium","Paper & Disposable",34.99,,"N",,false,,0,12.76,,"STOCKED",,"N",,
"P","0952073",,,,,,"10","100 CT","CT","SYSCO RELIANCE","304363293","Glove Vinyl Foodservice Powdered Large","Paper & Disposable",33.37,,"N",,false,,0,11.03,,"STOCKED",,"N",,
"P","5989878",,,,,,"4","100 CT","CT","SYSCO CLASSIC","304363072","Glove Vinyl Foodservice Powder Free Medium","Paper & Disposable",20.96,,"N",,false,,0,6.7,,"STOCKED",,"N",,
"P","7134252",,,,,,"10","100 CT","CT","PACKER","VGLV-LG","Glove Vinyl Foodservice Powder Free Large","Paper & Disposable",88.76,,"N",,false,,0,10.8,,"NONSTOCK",,"N",,
"P","7134251",,,,"Phased Out",,"10","100 CT","CT","PACKER","VGLV-MD","Glove Vinyl Foodservice Powder Free Medium","Paper & Disposable",48.75,,"N",,false,,0,4.2,,"STOCKED",,"N",,
"P","0952018",,,,,,"10","100 CT","CT","SYSCO RELIANCE","304363304","Glove Vinyl Foodservice Powder Free Extra Large","Paper & Disposable",33.26,,"N",,false,,0,17.69,,"STOCKED",,"N",,
"P","7147658",,,,,,"240","8OZ","OZ","PRO PAK (DISP)","FT-S08","Container Plastic Deli Transparent With Lid","Paper & Disposable",30.35,,"N",,false,,0,11,,"STOCKED",,"N",,
"P","7147254",,,,,,"240","32 OZ","OZ","PRO PAK (DISP)","FT-S32","Container Plastic Deli Transparent With Lid","Paper & Disposable",51.84,,"N",,false,,0,23,,"STOCKED",,"N",,
"P","7147251",,,,,,"240","16 OZ","OZ","PRO PAK (DISP)","FT-S16","Container Plastic Deli Transparent With Lid","Paper & Disposable",32.98,,"N",,false,,0,13,,"STOCKED",,"N",,
"P","6046288",,,,,,"10","50 CT","CT","FABRI-KAL","9505100 PK8SC","Container Plastic Squat Deli Clear 8 Ounce","Paper & Disposable",55.8,,"N",,false,,0,9.04,,"STOCKED",,"N",,
"P","8231967",,,,,,"240","8OZ","OZ","DELITAINER (NEWSPRING)","YL2508","Container Plastic Deli Translucent With Lid","Paper & Disposable",39.51,,"N",,false,,0,11.54,,"STOCKED",,"N",,
"P","7202261",,,,,,"25","100 CT","CT","QUALITY DISPOSABLE PRDCTS","70048","Lid Plastic Souffle W/ Cup 3.25/4 Ounce","Paper & Disposable",47.7,,"N",,false,,0,0.004,,"STOCKED",,"N",,
"P","7192539",,,,,,"150","8X8X3","""","SYSCO TRENDZ","YHLW08S3ADEC","Container Foam Hinged 3 Compartment Double Tab","Paper & Disposable",16.51,,"N",,false,,0,4.009,,"STOCKED",,"N",,
"P","1763192",,,,,,"100","33 GAL","GAL","SYSCO RELIANCE","X6639AKSX01","Liner Trash Reprocessed 33 Inch X 39 Inch 1.5 Mil Black","Paper & Disposable",23.36,,"N",,false,,0,12.8,,"STOCKED",,"N",,
"P","1594060",,,,,,"1","500 CT","EA","EARTH PLUS","17807SYS","Bag Paper Brown 6 Pound","Paper & Disposable",22.59,,"N",,false,,0,10.26,,"STOCKED",,"N",,
"P","7551308",,,,,,"150","8X8X3N","""","SYSCO CLASSIC","YTD188S10000","Container Foam Hinged 1 Compartment Double Tab","Paper & Disposable",20.19,,"N",,false,,0,3.661,,"STOCKED",,"N",,
"P","2826400",,,,,,"20","50CT","CT","SYSCO CLASSIC","YFE6FSYS","Container Foam Round 6 Ounce Squat White","Paper & Disposable",47.65,,"N",,false,,0,4.056,,"STOCKED",,"N",,
"P","7156710",,,,,,"24","126 CT","CT","SYSCO CLASSIC","7156710","Napkin Dinner 16 X 15 Inches 2-ply White 1/8 Fold","Paper & Disposable",66.84,,"N",,false,,0,30.74,,"STOCKED",,"N",,
"P","2976027",,,,,,"10","100CT","CT","PACTIV CORP","YLEFEVW","Lid Plastic Vented White 6-12 Ounce Series E","Paper & Disposable",36.51,,"N",,false,,0,6.5,,"STOCKED",,"N",,
"P","0951968",,,,,,"10","100 CT","CT","SYSCO RELIANCE","304763363","Glove Latex Foodservice Powdered Large","Paper & Disposable",59.62,,"N",,false,,0,12.6,,"STOCKED",,"N",,
"P","3291218",,,,,,"500","12OZ","OZ","SYSCO CLASSIC","SY12SJ20","Container Foam Round White Squat 12 Ounce","Paper & Disposable",34.91,,"N",,false,,0,3.891,,"STOCKED",,"N",,
"P","3291143",,,,,,"20","50CT","CT","SYSCO CLASSIC","SY8SJ20","Container Foam Round White Squat 8 Ounce","Paper & Disposable",51.75,,"N",,false,,0,5.975,,"STOCKED",,"N",,
"P","7551324",,,,,,"150","9X9X3","""","SYSCO CLASSIC","YTD199S30000","Container Foam Hinged 3 Compartment Double Tab","Paper & Disposable",19.31,,"N",,false,,0,4.506,,"STOCKED",,"N",,
"P","7116212",,,,,,"10","25CT","CT","SYSCO CLASSIC","7116212","Container Paper 16 Ounce White Round Tall Combo With Plastic Lid","Paper & Disposable",56.9,,"N",,false,,0,11,,"STOCKED",,"N",,
"P","6938500",,,,,,"6","500CT","CT","SYSCO CLASSIC","W69372","Foil Sheet 9 Inch X 10.75 Inch Silver","Paper & Disposable",84.35,17.07,"N",,true,,1,14.791,,"STOCKED",,"N",,
"P","5658939",,,,,,"6","500 CT","CT","SYSCO CLASSIC","W69369","Foil Aluminum Sheet 12 Inch X 10.75 Inch Pop Up","Paper & Disposable",119.09,23.87,"N",,true,,1,21.997,,"STOCKED",,"N",,
"P","6938328",,,,,,"1","18 IN","""","SYSCO CLASSIC","W69318","Foil Aluminum Roll Standard Weight 500 Feet","Paper & Disposable",31.05,,"N",,false,,0,6.376,,"STOCKED",,"N",,
"P","6937767",,,,,,"1","18 IN","""","SYSCO CLASSIC","W69328","Foil Aluminum Roll Heavy Weight 500 Feet","Paper & Disposable",38.23,,"N",,false,,0,9.032,,"STOCKED",,"N",,
"P","6937734",,,,,,"1","12 IN","""","SYSCO CLASSIC","W69312","Foil Aluminum Roll Standard Weight 1000 Feet","Paper & Disposable",35.87,,"N",,false,,0,8.201,,"STOCKED",,"N",,
"P","5466115",,,,,,"100","60 GAL","GAL","SYSCO CLASSIC","H7658 KSX04","Liner Trash 38 Inch X 58 Inch 1.6 Mil Black","Paper & Disposable",57.45,,"N",,false,,0,23.4,,"STOCKED",,"N",,
"P","4047031",,,,,,"150","33 GAL","GAL","SYSCO CLASSIC","H6639TWS","Liner Trash 33 Inch X 39 Inch 0.9 Mil White","Paper & Disposable",39.05,,"N",,false,,0,13.3,,"STOCKED",,"N",,
"P","4878690",,,,,,"125","40-45G","GAL","SYSCO CLASSIC","H8046HCS","Liner Trash 40 Inch X 46 Inch 0.7 Mil Clear","Paper & Disposable",35.83,,"N",,false,,0,11.45,,"STOCKED",,"N",,
"P","5054770",,,,,,"200","56 GAL","GAL","SYSCO CLASSIC","Z8648MNS","Liner Trash 43 Inch X 48 Inch 12 Micron Natural","Paper & Disposable",39,,"N",,false,,0,13.2,,"STOCKED",,"N",,
"P","4274783",,,,,,"125","40-45G","GAL","SYSCO CLASSIC","H8046HBS","Liner Trash 40 Inch X 46 Inch 0.7 Mil Black","Paper & Disposable",36.2,,"N",,false,,0,10.6,,"STOCKED",,"N",,
"P","4047080",,,,,,"100","60 GAL","GAL","SYSCO CLASSIC","H7658TWS","Liner Trash 38 Inch X 58 Inch 0.95 Mil White","Paper & Disposable",45.95,,"N",,false,,0,16.3,,"STOCKED",,"N",,
"P","5934567",,,,,,"50","55 GAL","GAL","SYSCO CLASSIC","H7856WSS","Liner Trash 39 Inch X 56 Inch 1.7 Mil Silver","Paper & Disposable",39.55,,"N",,false,,0,13.4,,"STOCKED",,"N",,
"P","5757851",,,,,,"100","40-45G","GAL","SYSCO CLASSIC","H8046TCS","Liner Trash 40 Inch X 46 Inch 0.95 Mil Clear","Paper & Disposable",29.39,,"N",,false,,0,11.6,,"STOCKED",,"N",,
"P","4192274",,,,,,"200","60 GAL","GAL","SYSCO CLASSIC","H7658HBS","Liner Trash 38 Inch X 58 Inch 0.7 Mil Black","Paper & Disposable",63.71,,"N",,false,,0,20.5,,"STOCKED",,"N",,
"P","4246393",,,,,,"100","60 GAL","GAL","SYSCO CLASSIC","H7658SGS","Liner Trash 38 Inch X 58 Inch 1.1 Mil Gray","Paper & Disposable",50.46,,"N",,false,,0,15.45,,"STOCKED",,"N",,
"P","6110704",,,,,,"100","60 GAL","GAL","SYSCO CLASSIC","H7658TKS","Liner Trash 38 Inch X 58 Inch 0.9 Mil Black","Paper & Disposable",38.59,,"N",,false,,0,13.2,,"STOCKED",,"N",,
"P","4290706",,,,,,"250","33 GAL","GAL","SYSCO CLASSIC","H6639HBS","Liner Trash 33 Inch X 39 Inch 0.7 Mil Black","Paper & Disposable",47.43,,"N",,false,,0,14.1,,"STOCKED",,"N",,
"P","4084679",,,,,,"200","55 GAL","GAL","SYSCO CLASSIC","H7258HBS","Liner Trash 36 Inch X 58 Inch 0.7 Mil Black","Paper & Disposable",53.96,,"N",,false,,0,21.05,,"STOCKED",,"N",,
"C","Chemical & Janitorial",,,,,,,,,,,,,,,,,,,,,,,,,,
"P","9901417",,,,,,"30","3.6 OZ","OZ","KEYSTONE PRODUCTS","6102060","Cleaner Degreaser High Temperature Grill Ready To Use","Chemical & Janitorial",46.49,,"N",,false,,0,8.79,,"STOCKED",,"N",,
"P","8458756",,,,,,"4","1 GAL","GAL","SYSCO RELIANCE","6100210","Cleaner Degreaser Concentrate Ready To Use","Chemical & Janitorial",47.95,,"N",,false,,0,33.8,,"STOCKED",,"N",,
"P","8461131",,,,,,"4","1 GAL","GAL","SYSCO RELIANCE","6100239","Cleaner All Purpose Pine Ready To Use","Chemical & Janitorial",30.68,,"N",,false,,0,33.7,,"STOCKED",,"N",,
"P","7217343",,,,,,"4","1 GAL","GAL","KEYSTONE PRODUCTS","6102475","Detergent Liquid Presoak 2-in-1","Chemical & Janitorial",87.74,,"N",,false,,0,34.32,,"DEMAND",,"N",,
"C","Supplies & Equipment",,,,,,,,,,,,,,,,,,,,,,,,,,
"P","5793872",,,,,,"1","12 CT","CT","SYSCO SUPPLIES CLASSIC","304PB-SYS","Pad Scrub Stainless 50 Gram 1.75 Ounce","Supplies & Equipment",26.99,,"N",,false,,0,1.8,,"STOCKED",,"N",,
"P","5793922",,,,,,"1","20 CT","CT","SYSCO SUPPLIES CLASSIC","S088-SYS","Pad Scour Extra-heavy Nylon 3.5"" X 6"" Blue","Supplies & Equipment",21.29,,"N",,false,,0,0.7,,"STOCKED",,"N",,
"P","1376805",,,,,,"1","20 CT","CT","SYSCO SUPPLIES CLASSIC","S096A-SYS","Pad Scour Green 6"" X 9"" Antimicrobial","Supplies & Equipment",16.95,,"N",,false,,0,1.5,,"STOCKED",,"N",,
"C","Produce",,,,,,,,,,,,,,,,,,,,,,,,,,
"P","7630551",,,,,,"4","5 LB","LB","IMPERIAL FRESH","","Cabbage Greens Shredded With Bag","Produce",32.94,9.89,"N",,true,,1,20,,"STOCKED",,"N",,
"P","6524409",,,,,,"4","5 LB","LB","IMPERIAL FRESH","","Lettuce Iceberg Shredded .125""","Produce",27.49,8.39,"N",,true,,1,20,,"STOCKED",,"N",,
"P","3865896",,,,,,"4","1 GAL","GAL","SYSCO NATURAL","7591","Juice Orange Pasteurized Ultra Premium","Produce",50.39,,"N",,false,,0,36,,"STOCKED",,"N",,
"P","2416691",,,,,,"4","12 CT","CT","SYSCO/FRESHPOINT NATURAL","","Lettuce Romaine Heart Fresh","Produce",47.85,14.49,"N",,true,,1,24,,"STOCKED",,"N",,
"P","7131892",,,,,,"8","2 LB","LB","CASA SOLANA IMPERIAL","","Avocado Pulp Casa Solana Fresh Hand Scooped Chunk 8/2 Pound","Produce",79.49,,"N",,false,,0,16,,"STOCKED",,"N",,
"P","8337503",,,,,,"8","2 LB","LB","CASA SOLANA IMPERIAL","10074865816677","Avocado Hass Fresh Chunk Pulp Packaged Tray","Produce",71.35,,"N",,false,,0,16,,"STOCKED",,"N",,